CodigoCompraAgil;Nombre;Descripcion;EstadoID;EstadoCodigo;EstadoGlosa;ConvocatoriaEstado;ConvocatoriaDescripcion;FechaCierrePrimerLlamado;FechaCierreSegundoLlamado;FechaPublicacion;FechaCierre;FechaUltimoCambio;FechaCancelacion;DireccionEntrega;PlazoEntregaDias;TipoPresupuesto;Moneda;PresupuestoEstimado;MontoDisponible;MontoDisponibleCLP;ValorCambioMoneda;FechaCambioMoneda;OC_ID;OC_Codigo;OrganismoComprador;RutComprador;UnidadCompra;Region;NombreRegion;MultaSancion;TotalOfertasRecibidas;TotalDemandas;MotivoCancelacion;MotivoDesierta;MotivoSeleccion;RequisitosMedioambientales;RequisitosImpactoSocial;TotalDocumentos;TotalProductosSolicitados;TotalProveedoresCotizando
1057532-120-COT26;F1-127-DCR/Servicio de Cafetería para Jornada de Inducción PAO y EDF año 2026;Se requiere servicio de cafetería para Jornada, 2 días, para 20 personas, los días Lunes 06 y Martes 07 de abril de 2026, en Sala de Capacitación ubicada en Av. Manuel Rodriguez 759, Osorno. Jornadas AM y PM. Completar y firmar Formularios. Realizar una jornada de inducción para los profesionales funcionarios de la Ley 19.664, que iniciaron el Periodo Asistencia Obligatorio e ingresan a la Etapa de Destinación y Formación.;4;proveedor_seleccionado;Proveedor seleccionado;1;Primer llamado;2026-04-01 12:30;2026-04-02 12:50;2026-03-31 12:09;2026-04-01 12:30;2026-04-01 16:05;;Av. Manuel Rodriguez 759 - Sala de Capacitación.;2;Estimado;CLP;400000;400000;400000;;;54578860;;SERVICIO DE SALUD OSORNO;61.607.600-0;Bienes y Servicios;10;Región de los Lagos ;0;1;0;;;;False;False;2;1;1
1057532-100-COT26;F1-58-DCR/Adquisición e Instalación de 3 Mallas Mosquiteras/ CT PEULLA.;Dar cumplimiento a la normativa sanitaria vigente y a las observaciones realizadas en procesos de fiscalización de la SEREMI de Salud, mediante la adquisición e instalación de malla mosquitera en las ventanas de la CT. Peulla, con el fin de prevenir el ingreso de vectores, resguardar condiciones óptimas de higiene y seguridad sanitaria, y asegurar un ambiente adecuado para el desarrollo de las actividades terapéuticas de las personas en tratamiento. Adjuntar Formularios completados y firmados.;6;desierta;Desierta;2;Segundo llamado;2026-03-19 08:00;2026-03-21 06:41;2026-03-17 11:46;2026-03-21 06:41;2026-04-01 15:25;;A convenir (segun lo señalado en Especificación);3;Estimado;CLP;230000;230000;230000;;;;;SERVICIO DE SALUD OSORNO;61.607.600-0;Bienes y Servicios;10;Región de los Lagos ;0;2;0;;Oferentes no cumplen con documentación obligatoria. Se realizara un nuevo llamado.;;False;False;2;1;2
1057532-118-COT26;F1-114-DCR/Servicio de Cafeteria Capacitación Salud Respiratoria en el Curso de Vida/ DARA.;Se requiere servicio de cafetería para Capacitación, 1 día, para 100 personas, el día Martes 07 de abril de 2026, en Auditorio del Hospital Base San Jose de Osorno. Completar y firmar Formularios. Jornada de actualización de conocimientos respecto de estrategias de prevención, tratamiento y rehabilitación de enfermedades respiratorias agudas y crónicas, con enfoque de curso de vida, en profesionales de la salud de la atención primaria, en contexto de preparación de Campaña de Invierno;4;proveedor_seleccionado;Proveedor seleccionado;1;Primer llamado;2026-03-31 18:30;2026-04-01 18:36;2026-03-30 18:23;2026-03-31 18:30;2026-04-01 15:00;;Auditorio, Hospital Base San Jose de Osorno;1;Estimado;CLP;690000;690000;690000;;;54577920;;SERVICIO DE SALUD OSORNO;61.607.600-0;Bienes y Servicios;10;Región de los Lagos ;0;4;0;;;;False;False;2;1;4
1057532-117-COT26;F2-48-DCR/ Servicio de Cafetería para Capacitación Salud Respiratoria en el Curso de Vida/DAP.;Se requiere servicio de cafetería para Capacitación, 1 día, para 100 personas, el día Lunes 06 de abril de 2026, en Auditorio del Hospital Base San Jose de Osorno. Completar y firmar Formularios. Actualizar conocimientos respecto de estrategias de prevención, tratamiento y rehabilitación de enfermedades respiratorias agudas y crónicas, con enfoque de curso de vida, en profesionales de la salud de la atención primaria de la provincia de Osorno, en contexto de preparación de Campaña de Invierno.;4;proveedor_seleccionado;Proveedor seleccionado;1;Primer llamado;2026-03-31 18:00;2026-04-01 18:12;2026-03-30 17:47;2026-03-31 18:00;2026-04-01 12:30;;Auditorio, Hospital Base San Jose Osorno.;1;Estimado;CLP;700000;700000;700000;;;54576579;;SERVICIO DE SALUD OSORNO;61.607.600-0;Bienes y Servicios;10;Región de los Lagos ;0;3;0;;;;False;False;2;1;3
1057532-110-COT26;F2-49-DCR/Materiales para capacitación Facilitadores Nadie es Perfecto/Programa Chile Crece Contigo.;Adquisición de materiales para realizar capacitación de formación facilitadores Nadie es Perfecto, según Especificaciones adjuntas. Se solicita: Completar y firmar Formularios adjuntos. Enviar cotización detallada(documento de proveedor);6;desierta;Desierta;2;Segundo llamado;2026-03-27 08:30;2026-03-29 00:12;2026-03-25 16:47;2026-03-29 00:12;2026-04-01 08:15;;Av. Manuel Rodriguez 759.;3;Estimado;CLP;856500;856500;856500;;;;;SERVICIO DE SALUD OSORNO;61.607.600-0;Bienes y Servicios;10;Región de los Lagos ;0;1;0;;Se realizará nuevo llamado con modificaciones de referente.;;False;False;2;26;1
1057532-119-COT26;F2-49-DCR/Servicio de Cafeteria para capacitación Facilitadores Nadie es Perfecto/Programa Chile Crece Contigo.;Realizar 4 Servicios de cafetería en jornadas AM para capacitación de formación facilitadores Nadie es perfecto, para 15 personas, desde el 14 al 17 de Abril 2026. Se adjuntan Especificaciones del servicio. Se solicita completar y firmar Formularios adjuntos.;4;proveedor_seleccionado;Proveedor seleccionado;2;Segundo llamado;2026-04-01 12:00;2026-04-02 13:29;2026-03-31 10:30;2026-04-02 13:29;2026-04-02 16:50;;Caja Los Andes;4;Estimado;CLP;360000;360000;360000;;;54587034;;SERVICIO DE SALUD OSORNO;61.607.600-0;Bienes y Servicios;10;Región de los Lagos ;0;1;0;;;;False;False;2;1;1
1057532-121-COT26;F2-49-DCR/Materiales para capacitación Facilitadores Nadie es Perfecto/Programa Chile Crece Contigo.;Adquisición de materiales para realizar capacitación de formación facilitadores Nadie es Perfecto, según Especificaciones adjuntas. Se solicita: Completar y firmar Formularios adjuntos. Enviar cotización detallada (documento de proveedor).;4;proveedor_seleccionado;Proveedor seleccionado;1;Primer llamado;2026-04-01 15:30;2026-04-02 16:02;2026-03-31 14:57;2026-04-01 15:30;2026-04-02 16:00;;Av. Manuel Rodriguez 759.;3;Estimado;CLP;856500;856500;856500;;;54586326;;SERVICIO DE SALUD OSORNO;61.607.600-0;Bienes y Servicios;10;Región de los Lagos ;0;2;0;;;;False;False;2;22;2
1057532-124-COT26;F1-140-DCR/Adquisición de Chocolates y Dulces;Contar con la adquisición de Chocolates y dulces para entregar en Jornada de Inducción a profesionales funcionarios Art. 8 de la Ley 19.664 que se incorporan a la red asistencial del Servicio de Salud Osorno. Completar y firmar Formularios adjuntos. Entrega para el día Jueves 02 de abril de 2026.;4;proveedor_seleccionado;Proveedor seleccionado;1;Primer llamado;2026-04-02 11:30;2026-04-03 11:34;2026-04-01 11:25;2026-04-02 11:30;2026-04-02 15:35;;Av. Manuel Rodriguez 759.;1;Estimado;CLP;30000;30000;30000;;;54585944;;SERVICIO DE SALUD OSORNO;61.607.600-0;Bienes y Servicios;10;Región de los Lagos ;0;2;0;;;;False;False;2;2;2
1057532-123-COT26;F1-140-DCR/Compra de insumos de libreria para Jornada de Inducción a Profesionales.;Se solicita la adquisición de insumos de librería destinados a la Jornada de Inducción dirigida a profesionales funcionarios contemplados en el Artículo 8° de la Ley N° 19.664 que se incorporan a la Red Asistencial del Servicio de Salud Osorno. Completar y firmar Formularios adjuntos. Entrega para el día Jueves 02 de abril de 2026.;4;proveedor_seleccionado;Proveedor seleccionado;1;Primer llamado;2026-04-02 11:30;2026-04-03 11:48;2026-04-01 11:11;2026-04-02 11:30;2026-04-02 15:25;;Av. Manuel Rodriguez 759.;1;Estimado;CLP;71000;71000;71000;;;54585842;;SERVICIO DE SALUD OSORNO;61.607.600-0;Bienes y Servicios;10;Región de los Lagos ;0;2;0;;;;False;False;2;5;2
1057532-122-COT26;F2-58-RVM / TEST PSICOLOGICOS PARA LA UNIDAD DE RECLUTAMIENTO Y SELECCIÓN DEL SERVICIO DE SALUD OSORNO.;ADQUIRIR TEST PSICOLOGICOS PARA LA UNIDAD DE RECLUTAMIENTO Y SELECCION, LOS QUE SERAN UTILIZADOS EN LAS EVALUACIONES PSICOLABORALES DE PROCESOS DE SELECCION DE ANTECEDENTES DE LA RED ASISTENCIAL, Y LOS PROCESOS DE STAFF DE REEMPLAZOS DEL SERVICIO DE SALUD OSORNO. DEBE COMPLETAR Y FIRMAR FORMULARIOS ADJUNTOS;3;cerrada;Cerrada;2;Segundo llamado;2026-04-02 10:30;2026-04-03 10:56;2026-04-01 10:03;2026-04-03 10:56;2026-04-03 11:00;;Manuel Rodríguez #759, Osorno, Región de los Lagos;15;Disponible;CLP;4884290;4884290;4884290;;;;;SERVICIO DE SALUD OSORNO;61.607.600-0;Bienes y Servicios;10;Región de los Lagos ;0;1;0;;;;False;False;3;4;1
1057532-128-COT26;F2-40-DCR/Adquisición de insumos y alimentos para reuniones de Unidad Satisfacción Usuaria.;Se requiere la compra de insumos y alimentos para reuniones para la Unidad Satisfacción Usuaria. Entrega según lo indicado en especificaciones adjuntas. Completar y Firmar Formularios adjuntos.  Se solicita adjuntar Resolución Sanitaria para Elaboración y/o Distribución de alimentos.;4;proveedor_seleccionado;Proveedor seleccionado;1;Primer llamado;2026-04-03 20:20;2026-04-04 20:22;2026-04-02 20:17;2026-04-03 20:20;2026-04-06 12:40;;A convenir;1;Estimado;CLP;80000;80000;80000;;;54592210;;SERVICIO DE SALUD OSORNO;61.607.600-0;Bienes y Servicios;10;Región de los Lagos ;0;2;0;;;;False;False;3;6;2
1057532-127-COT26;F2-36-DCR/Adquisición de insumos y alimentos para reuniones de Unidad Participación Ciudadana y Promoción.;Se requiere la compra de insumos y alimentos para reuniones para la Unidad Participación Ciudadana y Promoción. Entrega según lo indicado en especificaciones adjuntas. Completar y Firmar Formularios adjuntos.  Se solicita adjuntar Resolución Sanitaria para Elaboración y/o Distribución de alimentos.;4;proveedor_seleccionado;Proveedor seleccionado;1;Primer llamado;2026-04-03 20:10;2026-04-04 20:16;2026-04-02 20:03;2026-04-03 20:10;2026-04-06 12:20;;A convenir;1;Estimado;CLP;225000;225000;225000;;;54591929;;SERVICIO DE SALUD OSORNO;61.607.600-0;Bienes y Servicios;10;Región de los Lagos ;0;1;0;;;;False;False;2;11;1
1057532-126-COT26;F2-36-DCR/Adquisición de insumos y alimentos para reuniones de Unidad Salud Pueblos Originarios.;Se requiere la compra de insumos y alimentos para reuniones para la Unidad Salud Pueblos Originarios. Entrega según lo indicado en especificaciones adjuntas. Completar y Firmar Formularios adjuntos.  Se solicita adjuntar Resolución Sanitaria para Elaboración y/o Distribución de alimentos.;4;proveedor_seleccionado;Proveedor seleccionado;1;Primer llamado;2026-04-03 20:00;2026-04-04 20:23;2026-04-02 19:36;2026-04-03 20:00;2026-04-06 12:10;;A convenir;1;Estimado;CLP;150000;150000;150000;;;54591807;;SERVICIO DE SALUD OSORNO;61.607.600-0;Bienes y Servicios;10;Región de los Lagos ;0;1;0;;;;False;False;3;14;1
1057532-125-COT26;F1-58-DCR/Adquisición e Instalación de 3 Mallas Mosquiteras/ CT PEULLA.;Dar cumplimiento a la normativa sanitaria vigente y a las observaciones realizadas en procesos de fiscalización de la SEREMI de Salud, mediante la adquisición e instalación de malla mosquitera en las ventanas de la CT. Peulla, con el fin de prevenir el ingreso de vectores, resguardar condiciones óptimas de higiene y seguridad sanitaria, y asegurar un ambiente adecuado para el desarrollo de las actividades terapéuticas de las personas en tratamiento. Adjuntar Formularios completados y firmados.;3;cerrada;Cerrada;1;Primer llamado;2026-04-06 07:30;2026-04-10 23:31;2026-04-01 15:28;2026-04-06 07:30;2026-04-06 07:35;;A convenir (según las indicadas en especificaciones adjuntas).;3;Estimado;CLP;230000;230000;230000;;;;;SERVICIO DE SALUD OSORNO;61.607.600-0;Bienes y Servicios;10;Región de los Lagos ;0;4;0;;;;False;False;2;1;0
1057532-129-COT26;F2-58-RVM / TEST PSICOLOGICOS PARA LA UNIDAD DE RECLUTAMIENTO Y SELECCIÓN DEL SERVICIO DE SALUD OSORNO.;ADQUIRIR TEST PSICOLOGICOS PARA LA UNIDAD DE RECLUTAMIENTO Y SELECCION, LOS QUE SERAN UTILIZADOS EN LAS EVALUACIONES PSICOLABORALES DE PROCESOS DE SELECCION DE ANTECEDENTES DE LA RED ASISTENCIAL, Y LOS PROCESOS DE STAFF DE REEMPLAZOS DEL SERVICIO DE SALUD OSORNO. DEBE COMPLETAR Y FIRMAR FORMULARIOS ADJUNTOS;6;desierta;Desierta;2;Segundo llamado;2026-04-07 12:00;2026-04-08 12:01;2026-04-06 11:58;2026-04-08 12:01;2026-04-08 14:45;;Manuel Rodríguez #759, Osorno, Región de los Lagos, Osorno, Región de los Lagos;15;Disponible;CLP;4884290;4884290;4884290;;;;;SERVICIO DE SALUD OSORNO;61.607.600-0;Bienes y Servicios;10;Región de los Lagos ;0;0;0;;Lo sentimos, no se recibieron cotizaciones para esta Compra Ágil.;;False;False;3;4;0
1057532-131-COT26;F1-150-IVO/ADQUISICION DE CARGADOR Y FUENTE DE ALIMENTACION PARA VENTILADOR WEINMMAN;Adquisición de cargador y fuente de alimentación para ventilador Weinmann Medumat Transport, Base SAMU Osorno.;4;proveedor_seleccionado;Proveedor seleccionado;1;Primer llamado;2026-04-09 09:00;2026-04-11 08:32;2026-04-07 09:27;2026-04-09 09:00;2026-04-09 17:00;;Manuel Rodriguez # 759;5;Estimado;CLP;535500;535500;535500;;;54619016;;SERVICIO DE SALUD OSORNO;61.607.600-0;Bienes y Servicios;10;Región de los Lagos ;1;3;0;;;;False;False;2;1;3
1057532-132-COT26;F2-60-DCR/Servicio de Cafetería Jornada de capacitación actualización de Patologías Médicas;Contar con servicio de cafetería para Jornada de Actualización de Patologías Médicas dirigido a médicos de Atención primaria y Hospitales dependientes. Para 40 participantes, Jornadas AM y PM, por 2 días (desde el 22 al 23 de Abril 2026). Se adjuntan Especificaciones del servicio. Se solicita completar y firmar Formularios adjuntos.;4;proveedor_seleccionado;Proveedor seleccionado;1;Primer llamado;2026-04-09 08:00;2026-04-11 03:25;2026-04-07 12:34;2026-04-09 08:00;2026-04-10 08:35;;Av. Manuel Rodriguez 759.;1;Estimado;CLP;800000;800000;800000;;;54620023;;SERVICIO DE SALUD OSORNO;61.607.600-0;Bienes y Servicios;10;Región de los Lagos ;0;4;0;;;;False;False;2;1;4
1057532-134-COT26;F1-038-AVP//Servicio de Cafeteria para Capacitacion en Humanizacion en atencion de Dederechos Humano// Dpto. de Capacitacion;Servicio de cafetería de 44 raciones en total en 2 dias, El oferente debe aceptar las especificaciones técnicas y rellenar, junto a formularios Adjuntos, además de entregar el servicio con calidad e higiene, ya que será evaluado en cada actividad solicitada, debe adjuntar Patente, Resolución Sanitaria permiso para expender y/o distribución alimentos, protocolo de higiene y certificación de manipuladora de alimentos con 8 horas mínimas de capacitación, requeridas por el servicio de salud.;4;proveedor_seleccionado;Proveedor seleccionado;1;Primer llamado;2026-04-13 09:00;2026-04-16 06:42;2026-04-10 11:17;2026-04-13 09:00;2026-04-13 09:55;;A convenir;2;Estimado;CLP;240000;240000;240000;;;54628510;;SERVICIO DE SALUD OSORNO;61.607.600-0;Bienes y Servicios;10;Región de los Lagos ;1;2;0;;;;False;True;0;1;2
1057532-133-COT26;F2-58-RVM / TEST PSICOLOGICOS PARA LA UNIDAD DE RECLUTAMIENTO Y SELECCIÓN DEL SERVICIO DE SALUD OSORNO.;ADQUIRIR TEST PSICOLOGICOS PARA LA UNIDAD DE RECLUTAMIENTO Y SELECCION, LOS QUE SERAN UTILIZADOS EN LAS EVALUACIONES PSICOLABORALES DE PROCESOS DE SELECCION DE ANTECEDENTES DE LA RED ASISTENCIAL, Y LOS PROCESOS DE STAFF DE REEMPLAZOS DEL SERVICIO DE SALUD OSORNO. DEBE COMPLETAR Y FIRMAR FORMULARIOS ADJUNTOS;4;proveedor_seleccionado;Proveedor seleccionado;1;Primer llamado;2026-04-09 15:00;2026-04-10 15:11;2026-04-08 14:48;2026-04-09 15:00;2026-04-13 08:05;;Manuel Rodríguez #759, Osorno, Región de los Lagos, Osorno, Región de los Lagos, Osorno, Región de los Lagos;15;Disponible;CLP;4884290;4884290;4884290;;;54627151;;SERVICIO DE SALUD OSORNO;61.607.600-0;Bienes y Servicios;10;Región de los Lagos ;0;2;0;;;;False;False;3;4;2
1057532-139-COT26;F3-34-IVO//SERVICIO DE TRASLADO DE EQUIPOS Y EQUIPAMIENTO ESTABLECIMENTOS RED SSO;Servicio de Traslado de equipos y equipamiento para habilitación de establecimientos de la red del Servicio de Salud Osorno (PSR COSTA RIO BLANCO - CECOSF EL ENCANTO);2;publicada;Publicada;1;Primer llamado;2026-04-15 17:30;2026-04-16 18:55;2026-04-14 16:04;2026-04-15 17:30;2026-04-14 16:05;;A CONVENIR;1;Estimado;CLP;3000000;3000000;3000000;;;;;SERVICIO DE SALUD OSORNO;61.607.600-0;Bienes y Servicios;10;Región de los Lagos ;1;1;0;;;;False;False;4;2;0
1057532-138-COT26;F1-116-IVO/ADQUISICION DE PARCHES DEA / COMITE PARITARIO;Adquisición de Parches DEA del equipo de Edificio Rodríguez.;2;publicada;Publicada;1;Primer llamado;2026-04-15 16:30;2026-04-16 17:36;2026-04-14 15:23;2026-04-15 16:30;2026-04-14 15:25;;M. RODRIGUEZ N° 759;5;Estimado;CLP;165000;165000;165000;;;;;SERVICIO DE SALUD OSORNO;61.607.600-0;Bienes y Servicios;10;Región de los Lagos ;1;3;0;;;;False;False;2;1;0
1057532-137-COT26;F3-211-RUA Mangueras y Brazaletes PANI;Se requiere la compra de mangueras y brazaletes PANI una y dos vías con conexión rápida para Monitores de Signos Vitales y Monitores Desfibriladores. Se adjunta formulario con Especificaciones Técnicas el cual debe adjuntarse de forma obligatoria junto a la oferta.;2;publicada;Publicada;1;Primer llamado;2026-04-16 15:00;2026-04-18 15:04;2026-04-14 14:55;2026-04-16 15:00;2026-04-14 15:00;;Manuel Rodriguez 759;45;Estimado;CLP;1500000;1500000;1500000;;;;;SERVICIO DE SALUD OSORNO;61.607.600-0;Bienes y Servicios;10;Región de los Lagos ;1;0;0;;;;False;False;1;16;0
1057532-136-COT26;F1-132-BMC-ADQUISICION DE INSUMOS DE KINESIOLOGIA PARA UNIDAD DE MEMORIA AYEKAN;Proveer, a los kinesiólogos de Unidad de Memoria, de implementos que permitan la ejecución de su evaluación funcional para personas mayores. Renovar implementación por desgaste en su uso.;3;cerrada;Cerrada;1;Primer llamado;2026-04-15 09:00;2026-04-17 07:19;2026-04-13 10:40;2026-04-15 09:00;2026-04-15 09:05;;MANUEL RODRIGUEZ #759;5;Estimado;CLP;450000;450000;450000;;;;;SERVICIO DE SALUD OSORNO;61.607.600-0;Bienes y Servicios;10;Región de los Lagos ;1;3;0;;;;False;False;3;9;0
1077241-7-COT26;F2-054-BMC-ADQUISICION DE 8 OXIMETROS DE PULSO (SATUROMETROS) PARA PROGRAMA CESACIÓN TABÁQUICA;Contar con equipamiento para evaluación de capacidad de tolerancia a ejercicio en movimiento de usuario/as con alteración cardiorrespiratoria en programa Cesación Tabáquica.;2;publicada;Publicada;1;Primer llamado;2026-04-17 09:00;2026-04-19 09:24;2026-04-15 08:35;2026-04-17 09:00;2026-04-15 08:40;;MANUEL RODRIGUEZ #759;5;Estimado;CLP;5424900;5424900;5424900;;;;;SERVICIO DE SALUD OSORNO;61.607.600-0;Administración de Fondos;10;Región de los Lagos ;1;6;0;;;;False;False;3;1;0
