CodigoLicitacion;Correlativo;Categoria;CodigoProducto;NombreProducto;DescripcionItem;UnidadMedida;Cantidad;RutGanador;NombreGanador;MontoUnitarioGanador;CantidadAdjudicada
1057532-109-LP25;1;Servicios agrícolas, pesqueros, forestales y relacionados con la fauna / Producción, administración y protección de cultivos / Protección de cultivos;70141605;Servicios integrados de gestión de plagas;CONVENIO POR EL SERVICIO DE DESRATIZACION, SANITIZACION, DESINSECTACION Y OTRAS DE PLAGAS PARA LA DIRECCION DEL SERVICIO DE SALUD OSORNO Y SUS ESTABLECIMIENTOS DEPENDIENTES, PARA LOS AÑOS 2026 Y 2027;Unidad;1.0;;;0.0;0.0
1057532-110-LE25;1;Salud, servicios sanitarios y alimentación / Medicina y servicios de salud / Laboratorios clínicos;85121808;Laboratorios de rayos X;Convenio de servicio informes de radiografías y mamografías ambulatorias y urgentes para los Hospitales Dependientes del S.S.O. año 2025;Unidad;1.0;;;0.0;0.0
1057532-104-R125;1;Salud, servicios sanitarios y alimentación / Medicina y servicios de salud / Evaluaciones de salud individuales;85122201;Exámenes médicos;CONVENIO DE SERVICIOS DE ARRIENDO E INFORME DE TELE ELECTROCARDIOGRAFÍA A DISTANCIA PARA LOS ESTABLECIMIENTOS DE SALUD DE LA RED DE APS DE LA PROVINCIA DE OSORNO, AÑO 2026 - 2027;Unidad;1.0;76.391.638-3;INFORME REMOTO LIMITADA;1.0;1.0
1057532-101-LE25;1;Servicios de producción y fabricación industrial / Servicios de apoyo o soporte a la fabricación / Servicios de mantenimiento y reparación de equipo de fabricación;73152101;Servicio de mantenimiento de equipo de fabricación;Mantención Equipos de Rayos X Dental;Unidad;12.0;7.632.958-3;HANS ROBERT LUDWIG LAIMBOCK LUEBERT;1.0;1.0
1057532-130-L125;1;Servicios de construcción y mantenimiento / Servicios de atención, mantenimiento y reparaciones de edificios / Servicios de apoyo para la construcción;72101506;Servicios de mantenimiento de ascensores;Servicio de certificación de Ascensores de los Hospital Pu Mülen de Quilacahuín y Füta Srüka Lawenche Künko Mapu Mo de San Juan de la Costa;Unidad;1.0;;;0.0;0.0
1057532-69-LP25;1;Servicios agrícolas, pesqueros, forestales y relacionados con la fauna / Cultivos forestales / Recursos forestales;70151903;Recursos de madera combustible;SUMINISTRO DE CHIP PARA CALDERAS DE HOSPITAL PÜ MÜLEN DE QUILACAHUIN Y HOSPITAL FÜTA SRÜKA LAWENCHE DE SAN JUAN. ESTABLECIMIENTOS DEPENDIENTES DEL SERVICIO DE SALUD OSORNO, AÑO 2026-2027;Metro Cúbico;1.0;;;0.0;0.0
1077241-20-CO25;1;Salud, servicios sanitarios y alimentación / Medicina y servicios de salud / Servicios dentales;85122005;Servicios de ortodoncia;CONFECCIÓN DE CONTENCIONES ESTAMPADAS PARA ALTAS DE TRATAMIENTO DE ORTODONCIA DEL PROGRAMA DE RESOLUCIÓN DE ORTODONCIA EN NIÑOS, NIÑAS Y ADOLESCENTES - Código BIP 40001626-0”.;Unidad;1.0;;;0.0;0.0
1057532-125-B225;1;Servicios de producción y fabricación industrial / Servicios de apoyo o soporte a la fabricación / Servicios de mantenimiento y reparación de equipo de fabricación;73152101;Servicio de mantenimiento de equipo de fabricación;Mantención de equipos Imagenología marca Siemens;Unidad;8.0;;;0.0;0.0
1057532-111-LE25;1;Equipamiento y suministros médicos / Productos para la esterilización médica / Soluciones y equipo de limpieza pre-esterilización;42281703;Equipos para el cuidado de los instrumentos;Mantención de monitores de signos vitales y desfibriladores;Unidad;696.0;76.872.632-9;SUPPORT MEDICAL SPA;1.0;1.0
1057532-111-LE25;2;Equipamiento y suministros médicos / Productos para la esterilización médica / Soluciones y equipo de limpieza pre-esterilización;42281703;Equipos para el cuidado de los instrumentos;Mantención de ventiladores mecánicos de transporte;Unidad;12.0;76.292.956-2;SERICK MAX MEDICA LIMITADA;1.0;1.0
1057532-1-L126;1;Equipos y suministros de defensa, orden público, protección y seguridad / Protección contra incendios / Equipos de prevención de incendios;46191505;Sistemas de alarma de incendio;Servicio de mantención preventiva y correctiva de 50 sensores de humo, con suministro e instalación de micas y panel Jablotron 100, integración del sistema, pruebas operativas y entrega de informes técnicos por personal certificado.;Unidad;1.0;;;0.0;0.0
1057532-97-R126;1;Servicios de transporte, almacenaje y correo / Transporte de pasajeros / Transporte de pasajeros por carretera;78111802;Servicios de autobuses regulares, recorridos fijos o servicios programados;Movilización Unidad Comunidad Terapéutica Peulla;Unidad;1.0;;;0.0;0.0
1057532-97-R126;2;Servicios de transporte, almacenaje y correo / Transporte de pasajeros / Transporte de pasajeros por carretera;78111802;Servicios de autobuses regulares, recorridos fijos o servicios programados;Movilización Unidad comunitario para personas con demencia Kümelen (usuarios y funcionarios);Unidad;1.0;;;0.0;0.0
1057532-97-R126;3;Servicios de transporte, almacenaje y correo / Transporte de pasajeros / Transporte de pasajeros por carretera;78111802;Servicios de autobuses regulares, recorridos fijos o servicios programados;Movilización Unidad comunitario para personas con demencia Kümelen (funcionarios);Unidad;1.0;78.005.774-2;TRANSPORTES C Y D SPA;1.0;1.0
1057532-97-R126;4;Servicios de transporte, almacenaje y correo / Transporte de pasajeros / Transporte de pasajeros por carretera;78111802;Servicios de autobuses regulares, recorridos fijos o servicios programados;Movilización Unidad de Memoria Ayekan;Unidad;1.0;;;0.0;0.0
1057532-97-R126;5;Servicios de transporte, almacenaje y correo / Transporte de pasajeros / Transporte de pasajeros por carretera;78111802;Servicios de autobuses regulares, recorridos fijos o servicios programados;Movilización Unidad Atención integral e intensiva de salud mental en domicilio Newen;Unidad;1.0;;;0.0;0.0
1057532-97-R126;6;Servicios de transporte, almacenaje y correo / Transporte de pasajeros / Transporte de pasajeros por carretera;78111802;Servicios de autobuses regulares, recorridos fijos o servicios programados;Movilización Unidad Centro de Salud Mental Comunitaria (COSAM) Rahue (programa atención ambulatoria domiciliaria y PAZGA);Unidad;1.0;;;0.0;0.0
1057532-97-R126;7;Servicios de transporte, almacenaje y correo / Transporte de pasajeros / Transporte de pasajeros por carretera;78111802;Servicios de autobuses regulares, recorridos fijos o servicios programados;Movilización Unidad Centro de Salud Mental Comunitaria (COSAM) Rahue (traslado funcionarios);Unidad;1.0;;;0.0;0.0
1057532-97-R126;8;Servicios de transporte, almacenaje y correo / Transporte de pasajeros / Transporte de pasajeros por carretera;78111802;Servicios de autobuses regulares, recorridos fijos o servicios programados;Movilización Unidad Centro de Salud Mental Comunitaria (COSAM) Oriente;Unidad;1.0;;;0.0;0.0
1057532-97-R126;9;Servicios de transporte, almacenaje y correo / Transporte de pasajeros / Transporte de pasajeros por carretera;78111802;Servicios de autobuses regulares, recorridos fijos o servicios programados;Movilización Unidad Centro de Salud Mental Comunitaria (COSAM) Rahue (programa atención ambulatoria domiciliaria y PAZGA) (vehículo de apoyo);Unidad;1.0;;;0.0;0.0
1057532-122-LE25;1;Equipamiento y suministros médicos / Productos para exámenes y control de pacientes / Unidades de electrocardiografía (ECG) y productos relacionados;42181716;Accesorios de electrocardiografía (ECG);Parches DEA, Saturometría, ECG, Papel impresión, compatible con Equipos marca Zoll;Unidad;1.0;79.895.670-1;PV EQUIP  SA;1.0;1.0
1057532-122-LE25;2;Equipamiento y suministros médicos / Productos para exámenes y control de pacientes / Unidades de presión sanguínea y productos relacionados;42181606;Mangas de inflación de presión sanguínea o mangas neumáticas o adaptadores;Mangueras y brazaletes PANI con conexión rápida;Unidad;1.0;;;0.0;0.0
1057532-122-LE25;3;Equipamiento y suministros médicos / Productos de resucitación, anestesia y respiratorios / Productos para el control respiratorio;42271503;Monitores de dióxido de carbono al final de la espiración (ETCO2) o suministros;Líneas de Cinografía Invasiva;Unidad;1.0;79.510.190-k;INVERSIONES Y SERVICIOS BALDER LIMITADA;534600.0;1.0
1057532-122-LE25;4;Equipamiento y suministros médicos / Productos para exámenes y control de pacientes / Oxímetros de pulso;42181802;Cables de oximetros de pulso;Cable Transductor línea de presión arterial invasiva;Unidad;1.0;79.510.190-k;INVERSIONES Y SERVICIOS BALDER LIMITADA;33000.0;1.0
1057532-122-LE25;5;Equipamiento y suministros médicos / Productos de resucitación, anestesia y respiratorios / Productos para el control respiratorio;42271505;Kits de monitorización respiratoria o sus accesorios;Saturometría compatible con modelo GE V100;Unidad;1.0;79.510.190-k;INVERSIONES Y SERVICIOS BALDER LIMITADA;317000.0;1.0
1057532-122-LE25;6;Equipamiento y suministros médicos / Productos para exámenes y control de pacientes / Unidades de electrocardiografía (ECG) y productos relacionados;42181716;Accesorios de electrocardiografía (ECG);Saturometría, temperatura y ECG compatible con modelo benevisión n1;Unidad;1.0;79.510.190-k;INVERSIONES Y SERVICIOS BALDER LIMITADA;1306000.0;1.0
1057532-122-LE25;7;Equipamiento y suministros médicos / Productos de resucitación, anestesia y respiratorios / Productos para el control respiratorio;42271505;Kits de monitorización respiratoria o sus accesorios;Circuitos respiratorios desechables compatible con equipo Weinmann Medumat;Unidad;1.0;;;0.0;0.0
1057532-122-LE25;8;Equipamiento y suministros médicos / Productos de resucitación, anestesia y respiratorios / Productos para el control respiratorio;42271505;Kits de monitorización respiratoria o sus accesorios;Circuitos respiratorios desechables compatible con equipo Dräger Oxylog;Unidad;1.0;;;0.0;0.0
1057532-122-LE25;9;Equipamiento y suministros médicos / Productos de resucitación, anestesia y respiratorios / Sistemas y dispositivos de terapia de entrega de oxígeno;42271707;Sensores o reguladores de caudal, o componentes;Manómetros y reguladores de oxígeno;Unidad;1.0;76.866.699-7;COMERCIAL VR LIMITADA;1650000.0;1.0
1057532-9-LE26;1;Servicios de transporte, almacenaje y correo / Servicios de mantención o reparaciones de transportes / Mantención o reparación de vehículos;78180103;Servicios de cambio de fluidos de aceite o de la transmisión;CONVENIO DE SERVICIO DE MANTENCIONES PREVENTIVAS, CORRECTIVAS Y/O REPARATIVAS 2026-2027 PARA BUS MITSUBISHI FUSO ROSA DEL HOSPITAL FUTA SRÜKA LAWENCHE KUNKO MAPU MO DEL SSO.;Unidad;1.0;;;0.0;0.0
1057532-127-LE25;1;Servicios de transporte, almacenaje y correo / Servicios de mantención o reparaciones de transportes / Mantención o reparación de vehículos;78180103;Servicios de cambio de fluidos de aceite o de la transmisión;CONVENIO DE SERVICIO DE MANTENCIONES PREVENTIVAS, CORRECTIVAS Y/O REPARATIVAS 2026-2027 PARA BUS MITSUBISHI FUSO ROSA DEL HOSPITAL FUTA SRÜKA LAWENCHE KUNKO MAPU MO DEL SSO.;Unidad;1.0;;;0.0;0.0
